{
  "plugin.dependencies": "",
  "plugin.author": "SuperJackal",
  "plugin.description": "Make any server lifesteal.",
  "plugin.version": "1.0",
  "plugin.permissions": "",
  "open-tab": 3,
  "plugin-components": [
    {
      "children": [{
        "=": "6338bc87bc5c87bfa00a0de2d1fd175d",
        "parameters": [
          {
            "=": "expr-new-string",
            "parameters": ["Lifesteal Plugin Is Enabled."]
          },
          {
            "=": "expr-new-string",
            "parameters": ["ls.set"]
          }
        ]
      }],
      "=": "comp-plugin-enable"
    },
    {
      "children": [{
        "=": "6338bc87bc5c87bfa00a0de2d1fd175d",
        "parameters": [
          {
            "=": "expr-new-string",
            "parameters": ["Lifesteal Plugin Is Disabled."]
          },
          {
            "=": "expr-new-string",
            "parameters": ["ls.set"]
          }
        ]
      }],
      "=": "comp-plugin-disable"
    },
    {
      "children": [
        {
          "children": [
            {
              "=": "5a3cc8d6b3db2a5b9a00b9acc304cce4",
              "parameters": [
                {"=": "expr-command-sender"},
                {
                  "=": "expr-arithmetic",
                  "parameters": [
                    {
                      "=": "expr-number-from-string",
                      "parameters": [{
                        "=": "expr-command-argument",
                        "parameters": [{
                          "=": "expr-number",
                          "parameters": ["0"]
                        }]
                      }]
                    },
                    "*",
                    {
                      "=": "expr-number",
                      "parameters": ["2"]
                    }
                  ]
                }
              ]
            },
            {
              "=": "6338bc87bc5c87bfa00a0de2d1fd175d",
              "parameters": [
                {
                  "size": 4,
                  "=": "expr-combine-strings",
                  "parameters": [
                    {
                      "=": "4760f3fc7a9443dd1ebc8bf1393bb1c1",
                      "parameters": [{"=": "expr-command-sender"}]
                    },
                    {
                      "=": "expr-new-string",
                      "parameters": [" health is set to "]
                    },
                    {
                      "=": "expr-command-argument",
                      "parameters": [{
                        "=": "expr-number",
                        "parameters": ["0"]
                      }]
                    },
                    {
                      "=": "expr-new-string",
                      "parameters": ["!"]
                    },
                    {
                      "=": "expr-new-string",
                      "parameters": [" This Action Was Performed By "]
                    },
                    {
                      "=": "4760f3fc7a9443dd1ebc8bf1393bb1c1",
                      "parameters": [{"=": "expr-command-sender"}]
                    }
                  ]
                },
                {
                  "=": "expr-new-string",
                  "parameters": ["ls.set"]
                }
              ]
            },
            {
              "=": "57aa1610cc0d024b7ca2e96f73cb39b3",
              "parameters": [
                {"=": "expr-command-sender"},
                {
                  "=": "expr-new-string",
                  "parameters": ["Your Health Scale Is Set To "]
                },
                {
                  "=": "expr-arithmetic",
                  "parameters": [
                    {
                      "=": "2fd55c01a6a8eb834845916306a1fb50",
                      "parameters": [{"=": "expr-command-sender"}]
                    },
                    "/",
                    {
                      "=": "expr-number",
                      "parameters": ["2"]
                    }
                  ]
                }
              ]
            }
          ],
          "=": "stat-if-statement",
          "parameters": [
            {
              "=": "expr-is-null",
              "parameters": [{
                "=": "expr-command-argument",
                "parameters": [{
                  "=": "expr-number",
                  "parameters": ["1"]
                }]
              }]
            },
            "normal"
          ]
        },
        {
          "children": [
            {
              "=": "5a3cc8d6b3db2a5b9a00b9acc304cce4",
              "parameters": [
                {
                  "=": "0d960dfc4d15653858af0bcdf53dcf82",
                  "parameters": [{
                    "=": "expr-command-argument",
                    "parameters": [{
                      "=": "expr-number",
                      "parameters": ["1"]
                    }]
                  }]
                },
                {
                  "=": "expr-arithmetic",
                  "parameters": [
                    {
                      "=": "expr-number-from-string",
                      "parameters": [{
                        "=": "expr-command-argument",
                        "parameters": [{
                          "=": "expr-number",
                          "parameters": ["0"]
                        }]
                      }]
                    },
                    "*",
                    {
                      "=": "expr-number",
                      "parameters": ["2"]
                    }
                  ]
                }
              ]
            },
            {
              "=": "6338bc87bc5c87bfa00a0de2d1fd175d",
              "parameters": [
                {
                  "size": 4,
                  "=": "expr-combine-strings",
                  "parameters": [
                    {
                      "=": "expr-command-argument",
                      "parameters": [{
                        "=": "expr-number",
                        "parameters": ["1"]
                      }]
                    },
                    {
                      "=": "expr-new-string",
                      "parameters": [" health is set to "]
                    },
                    {
                      "=": "expr-command-argument",
                      "parameters": [{
                        "=": "expr-number",
                        "parameters": ["0"]
                      }]
                    },
                    {
                      "=": "expr-new-string",
                      "parameters": ["!"]
                    },
                    {
                      "=": "expr-new-string",
                      "parameters": [" This Action Was Performed By "]
                    },
                    {
                      "=": "4760f3fc7a9443dd1ebc8bf1393bb1c1",
                      "parameters": [{"=": "expr-command-sender"}]
                    }
                  ]
                },
                {
                  "=": "expr-new-string",
                  "parameters": ["ls.set"]
                }
              ]
            },
            {
              "=": "57aa1610cc0d024b7ca2e96f73cb39b3",
              "parameters": [
                {
                  "=": "0d960dfc4d15653858af0bcdf53dcf82",
                  "parameters": [{
                    "=": "expr-command-argument",
                    "parameters": [{
                      "=": "expr-number",
                      "parameters": ["1"]
                    }]
                  }]
                },
                {
                  "=": "expr-new-string",
                  "parameters": ["Your Health Scale Is Set To "]
                },
                {
                  "=": "expr-arithmetic",
                  "parameters": [
                    {
                      "=": "2fd55c01a6a8eb834845916306a1fb50",
                      "parameters": [{
                        "=": "0d960dfc4d15653858af0bcdf53dcf82",
                        "parameters": [{
                          "=": "expr-command-argument",
                          "parameters": [{
                            "=": "expr-number",
                            "parameters": ["1"]
                          }]
                        }]
                      }]
                    },
                    "/",
                    {
                      "=": "expr-number",
                      "parameters": ["2"]
                    }
                  ]
                }
              ]
            }
          ],
          "=": "stat-else-statement"
        }
      ],
      "=": "comp-command",
      "parameters": [
        "lsset",
        "lsset",
        "Help the player to change there hearts.",
        "ls.set",
        "You don't have access to this command.",
        "Do /lsset <number> to set your hearts or Do /lsset <number> <player>."
      ]
    },
    {
      "children": [{
        "children": [
          {
            "children": [{
              "=": "5a3cc8d6b3db2a5b9a00b9acc304cce4",
              "parameters": [
                {"=": "9cac6b5ceec4befc959a5b887b08d637"},
                {
                  "=": "expr-number",
                  "parameters": ["2"]
                }
              ]
            }],
            "=": "stat-if-statement",
            "parameters": [
              {
                "=": "expr-boolean-logic",
                "parameters": [
                  {
                    "=": "expr-is-equal",
                    "parameters": [
                      {
                        "=": "expr-floor-number",
                        "parameters": [{
                          "=": "2fd55c01a6a8eb834845916306a1fb50",
                          "parameters": [{"=": "9cac6b5ceec4befc959a5b887b08d637"}]
                        }]
                      },
                      {
                        "=": "expr-number",
                        "parameters": ["2"]
                      }
                    ]
                  },
                  "OR",
                  {
                    "=": "expr-is-equal",
                    "parameters": [
                      {
                        "=": "expr-floor-number",
                        "parameters": [{
                          "=": "2fd55c01a6a8eb834845916306a1fb50",
                          "parameters": [{"=": "9cac6b5ceec4befc959a5b887b08d637"}]
                        }]
                      },
                      {
                        "=": "expr-number",
                        "parameters": ["1"]
                      }
                    ]
                  }
                ]
              },
              "normal"
            ]
          },
          {
            "children": [
              {
                "=": "5a3cc8d6b3db2a5b9a00b9acc304cce4",
                "parameters": [
                  {"=": "9cac6b5ceec4befc959a5b887b08d637"},
                  {
                    "=": "expr-arithmetic",
                    "parameters": [
                      {
                        "=": "2fd55c01a6a8eb834845916306a1fb50",
                        "parameters": [{"=": "9cac6b5ceec4befc959a5b887b08d637"}]
                      },
                      "-",
                      {
                        "=": "expr-number",
                        "parameters": ["2"]
                      }
                    ]
                  }
                ]
              },
              {
                "=": "5a3cc8d6b3db2a5b9a00b9acc304cce4",
                "parameters": [
                  {
                    "=": "782294710ac5a1f204f35609e610ee6c",
                    "parameters": [{"=": "9cac6b5ceec4befc959a5b887b08d637"}]
                  },
                  {
                    "=": "expr-arithmetic",
                    "parameters": [
                      {
                        "=": "2fd55c01a6a8eb834845916306a1fb50",
                        "parameters": [{
                          "=": "782294710ac5a1f204f35609e610ee6c",
                          "parameters": [{"=": "9cac6b5ceec4befc959a5b887b08d637"}]
                        }]
                      },
                      "+",
                      {
                        "=": "expr-number",
                        "parameters": ["2"]
                      }
                    ]
                  }
                ]
              }
            ],
            "=": "stat-else-statement"
          },
          {
            "=": "57aa1610cc0d024b7ca2e96f73cb39b3",
            "parameters": [
              {"=": "9cac6b5ceec4befc959a5b887b08d637"},
              {
                "=": "expr-new-string",
                "parameters": ["Your Health Is Set To"]
              },
              {
                "size": 1,
                "=": "expr-combine-strings",
                "parameters": [
                  {
                    "=": "expr-arithmetic",
                    "parameters": [
                      {
                        "=": "2fd55c01a6a8eb834845916306a1fb50",
                        "parameters": [{"=": "9cac6b5ceec4befc959a5b887b08d637"}]
                      },
                      "/",
                      {
                        "=": "expr-number",
                        "parameters": ["2"]
                      }
                    ]
                  },
                  {
                    "=": "expr-new-string",
                    "parameters": [" Because You Were Killed By "]
                  },
                  {
                    "=": "4760f3fc7a9443dd1ebc8bf1393bb1c1",
                    "parameters": [{
                      "=": "782294710ac5a1f204f35609e610ee6c",
                      "parameters": [{"=": "9cac6b5ceec4befc959a5b887b08d637"}]
                    }]
                  }
                ]
              }
            ]
          },
          {
            "=": "57aa1610cc0d024b7ca2e96f73cb39b3",
            "parameters": [
              {
                "=": "782294710ac5a1f204f35609e610ee6c",
                "parameters": [{"=": "9cac6b5ceec4befc959a5b887b08d637"}]
              },
              {
                "=": "expr-new-string",
                "parameters": ["Your Health Is Set To "]
              },
              {
                "size": 1,
                "=": "expr-combine-strings",
                "parameters": [
                  {
                    "=": "expr-arithmetic",
                    "parameters": [
                      {
                        "=": "2fd55c01a6a8eb834845916306a1fb50",
                        "parameters": [{
                          "=": "782294710ac5a1f204f35609e610ee6c",
                          "parameters": [{"=": "9cac6b5ceec4befc959a5b887b08d637"}]
                        }]
                      },
                      "/",
                      {
                        "=": "expr-number",
                        "parameters": ["2"]
                      }
                    ]
                  },
                  {
                    "=": "expr-new-string",
                    "parameters": [" Because You Had Killed The Player "]
                  },
                  {
                    "=": "4760f3fc7a9443dd1ebc8bf1393bb1c1",
                    "parameters": [{"=": "9cac6b5ceec4befc959a5b887b08d637"}]
                  }
                ]
              }
            ]
          }
        ],
        "=": "stat-if-statement",
        "parameters": [
          {
            "=": "expr-is-equal",
            "parameters": [
              {
                "=": "expr-is-null",
                "parameters": [{
                  "=": "782294710ac5a1f204f35609e610ee6c",
                  "parameters": [{"=": "9cac6b5ceec4befc959a5b887b08d637"}]
                }]
              },
              {
                "=": "expr-boolean",
                "parameters": ["false"]
              }
            ]
          },
          "normal"
        ]
      }],
      "=": "comp-event-listener",
      "parameters": [
        "PlayerDeathEvent",
        "HIGHEST"
      ]
    },
    {
      "children": [
        {
          "children": [{
            "=": "57aa1610cc0d024b7ca2e96f73cb39b3",
            "parameters": [
              {"=": "expr-command-sender"},
              {
                "=": "expr-new-string",
                "parameters": ["Your ping is "]
              },
              {
                "=": "999ad0741a855c55d8f96d47727f734e",
                "parameters": [{"=": "expr-command-sender"}]
              }
            ]
          }],
          "=": "stat-if-statement",
          "parameters": [
            {
              "=": "expr-is-null",
              "parameters": [{
                "=": "expr-command-argument",
                "parameters": [{
                  "=": "expr-number",
                  "parameters": ["0"]
                }]
              }]
            },
            "normal"
          ]
        },
        {
          "children": [{
            "=": "57aa1610cc0d024b7ca2e96f73cb39b3",
            "parameters": [
              {"=": "expr-command-sender"},
              {
                "=": "expr-combine-strings",
                "parameters": [
                  {
                    "=": "expr-command-argument",
                    "parameters": [{
                      "=": "expr-number",
                      "parameters": ["0"]
                    }]
                  },
                  {
                    "=": "expr-new-string",
                    "parameters": ["'s ping is "]
                  }
                ]
              },
              {
                "=": "999ad0741a855c55d8f96d47727f734e",
                "parameters": [{
                  "=": "0d960dfc4d15653858af0bcdf53dcf82",
                  "parameters": [{
                    "=": "expr-command-argument",
                    "parameters": [{
                      "=": "expr-number",
                      "parameters": ["0"]
                    }]
                  }]
                }]
              }
            ]
          }],
          "=": "stat-else-statement"
        }
      ],
      "=": "comp-command",
      "parameters": [
        "ping",
        "ping",
        "Help to get the ping of the player.",
        "ls.ping",
        "You don't have access to this command.",
        "Just Do /ping To Know Your Ping Or Do /ping <player> To Know Anyone Else Ping."
      ]
    },
    {
      "children": [{
        "=": "57aa1610cc0d024b7ca2e96f73cb39b3",
        "parameters": [
          {"=": "expr-command-sender"},
          {
            "=": "expr-new-string",
            "parameters": ["Health Of The Player"]
          },
          {
            "size": 1,
            "=": "expr-combine-strings",
            "parameters": [
              {
                "=": "expr-command-argument",
                "parameters": [{
                  "=": "expr-number",
                  "parameters": ["0"]
                }]
              },
              {
                "=": "expr-new-string",
                "parameters": [" Is "]
              },
              {
                "=": "expr-arithmetic",
                "parameters": [
                  {
                    "=": "2fd55c01a6a8eb834845916306a1fb50",
                    "parameters": [{
                      "=": "0d960dfc4d15653858af0bcdf53dcf82",
                      "parameters": [{
                        "=": "expr-command-argument",
                        "parameters": [{
                          "=": "expr-number",
                          "parameters": ["0"]
                        }]
                      }]
                    }]
                  },
                  "/",
                  {
                    "=": "expr-number",
                    "parameters": ["2"]
                  }
                ]
              }
            ]
          }
        ]
      }],
      "=": "comp-command",
      "parameters": [
        "lsget",
        "lsget",
        "Help To Get Players Health.",
        "ls.get",
        "You don't have access to this command.",
        "Do /lsget <player> To Know The Player Health"
      ]
    }
  ],
  "plugin.website": "gamerbuild.ml",
  "plugin.soft-dependencies": "",
  "plugin.name": "MakeItLifesteal"
}